city_name_he;city_name_en
נווה שלום;Newe Shalom
שריגים (לי-און);Sarigim (Li-On)
אביעזר;Avi'ezer
צור הדסה;Zur Hadassa
צובה;Zova
שואבה;Sho'eva
אשתאול;Eshta'ol
בר גיורא;Bar Giyyora
קריית יערים (מוסד);Qiryat Ye'arim(Institute)
נטף;Nataf
כפר אוריה;Kefar Uriyya
מטע;Matta
רמת רזיאל;Ramat Razi'el
קריית יערים;Qiryat Ye'arim
גבעת ישעיהו;Giv'at Yesha'yahu
יד השמונה;Yad HaShemona
שדות מיכה;Sedot Mikha
שורש;Shoresh
אבן ספיר;Even Sappir
גיזו;Gizo
"נתיב הל""ה";Netiv HaLamed-He
זנוח;Zanoah
תירוש;Tirosh
טל שחר;Tal Shahar
עין נקובא;Ein Naqquba
נחושה;Nehusha
גפן;Gefen
כסלון;Kesalon
תרום;Tarum
צפרירים;Zafririm
לוזית;Luzit
בקוע;Beqoa
אבו גוש;Abu Ghosh
עין ראפה;Ein Rafa
עגור;Agur
נווה מיכאל;Newe Mikha'el
גבעת יערים;Giv'at Ye'arim
קריית ענבים;Qiryat Anavim
רמת רחל;Ramat Rahel
מוצא עילית;Moza Illit
נס הרים;Nes Harim
מחסיה;Mahseya
צרעה;Zor'a
תעוז;Ta'oz
"עין כרם-בי""ס חקלאי";En Karem-B.S.Haqla'i
נחשון;Nahshon
גבעת שמש;Giv'at Shemesh
דייר ראפאת;Deir Rafat
מבשרת ציון;Mevasseret Ziyyon
ידידה;Yedida
בית זית;Bet Zayit
איתנים;Etanim
מסילת ציון;Mesillat Ziyyon
בית שמש;Bet Shemesh
כפר זוהרים;Kefar Zoharim                                     
אדרת;Adderet
נחם;Naham
נווה אילן;Newe Ilan
עמינדב;Amminadav
בית נקופה;Bet Neqofa
הראל;Har'el
ירושלים;Jerusalem
ישעי;Yish'i
צלפון;Zelafon
בית מאיר;Bet Me'ir
מבוא ביתר;Mevo Betar
זכריה;Zekharya
מעלה החמישה;Ma'ale HaHamisha
אורה;Ora
מעיין ברוך;Ma'yan Barukh
מזרע;Mizra
בית שערים;Bet She'arim 
כסרא-סמיע;Kisra-Sumei
יבנאל;Yavne'el
שער הגולן;Sha'ar HaGolan 
עין חרוד (מאוחד);En Harod(Me'uhad)
תל יוסף;Tel Yosef
רמת דוד;Ramat Dawid
כפר חנניה;Kefar Hananya
סאג'ור;Sajur
חורפיש;Hurfeish
בית ג'ן;Beit Jann
מג'דל שמס;Majdal Shams
מעלה גמלא;Ma'ale Gamla
דבורה;Devora
נורית;Nurit
כרכום;Karkom
היוגב;HaYogev
הררית;Hararit
כפר בלום;Kefar Blum
כרם בן זמרה;Kerem Ben Zimra
יזרעאל;Yizre'el 
בלפוריה;Balfurya
מרום גולן;Merom Golan 
רמות;Ramot
כפר רופין;Kefar Ruppin
מנרה;Menara
אניעם;Ani'am
דמיידה;Demeide
אלונים;Allonim
יונתן;Yonatan
עין חרוד (איחוד);En Harod (Ihud)
כפר רוזנואלד (זרעית);Kefar Rozenwald(Zarit)
אבירים;Abbirim
כלנית;Kallanit
שורשים;Shorashim
רמות נפתלי;Ramot Naftali
אדמית;Adamit
מתת;Mattat
מרחביה (מושב);Merhavya(Moshav)
טמרה (יזרעאל);Tamra (Yizre'el)
ביר אל-מכסור;Bir El-Maksur
משהד;Meshhed
שדמות דבורה;Shadmot Devora
חולתה;Hulata
כנרת (קבוצה);Kinneret(Qevuza)
שדה אליהו;Sede Eliyyahu
ניר דוד (תל עמל);Nir Dawid (Tel Amal)
כפר כנא;Kafar Kanna
יפיע;Yafi
חניתה;Hanita
כפר החורש;Kefar HaHoresh
כפר זיתים;Kefar Zetim
דן;Dan
דלייה;Daliyya
כפר מסריק;Kefar Masaryk
דחי;Dahi
כפר גלעדי;Kefar Gil'adi
שדה אליעזר;Sede Eli'ezer
עין גב;En Gev
נאות מרדכי;Ne'ot Mordekhay
רמת ישי;Ramat Yishay
דבורייה;Daburiyya
דגניה א';Deganya Alef
חלוץ;Haluz
בית אלפא;Bet Alfa
חוסן;Hosen
מגאר;Mughar
סח'נין;Sakhnin
יעד;Ya'ad
דגניה ב';Deganya Bet
פרוד;Parod
הילה;Hilla
שבלי - אום אל-גנם;Shibli-Umm Al-Ghanam
יקנעם עילית;Yoqne'am Illit
מגן שאול;Magen Sha'ul 
כפר סאלד;Kefar Szold
שעב;Sha'ab
עין השופט;En HaShofet
ניין;Nein
שדה נחמיה;Sede Nehemya
מוקייבלה;Muqeible
כפר מצר;Kafar Misr
חמאם;Hamam
"עין הנצי""ב";En HaNaziv
כפר מנדא;Kafar Manda
עדי;Adi
פקיעין (בוקייעה);Peqi'in (Buqei'a)
מגדל העמק;Migdal HaEmeq
רומת הייב;Rumat Heib
אליפלט;Elifelet
עילוט;Ilut
ע'ג'ר;Ghajar
שייח' דנון;Sheikh Dannun
יאנוח-ג'ת;Yanuh-Jat
ריחאנייה;Reihaniyye
בית לחם הגלילית;Bet Lehem HaGelilit 
בית השיטה;Bet HaShitta
דייר אל-אסד;Deir Al-Asad
לוחמי הגיטאות;Lohame HaGeta'ot 
רמת מגשימים;Ramat Magshimim
יודפת;Yodefat
צורית;Zurit
אכסאל;Iksal
אליקים;Elyaqim
שאר ישוב;She'ar Yashuv
חנתון;Hannaton
גבעת אלה;Giv'at Ela
אשחר;Eshhar
דפנה;Dafna
רמות מנשה;Ramot Menashe
עין יעקב;En Ya'aqov
נאעורה;Na'ura
טורעאן;Tur'an
יפעת;Yif'at
כפר ברוך;Kefar Barukh
עמוקה;Amuqqa
פלך;Pelekh
שלוחות;Sheluhot
עין קנייא;Ein Qiniyye
קלע;Qela
כחל;Kahal
אלוני הבשן;Allone HaBashan
מבוא חמה;Mevo Hamma
חזון;Hazon
נטועה;Netu'a
אבן מנחם;Even Menahem
אבטליון;Avtalyon
מיצר;Mezar
גדעונה;Gid'ona
סולם;Sulam
שדי תרומות;Sede Terumot
אחוזת ברק;Ahuzzat Baraq
מיטב;Metav
קדרים;Qaddarim
חספין;Haspin
"דוב""ב";Dovev
בית יוסף;Bet Yosef
טפחות;Tefahot
גיתה;Gitta
נתיב השיירה;Netiv HaShayyara
אביבים;Avivim
שתולה;Shetula
גשור;Geshur
סלמה;Sallama
אלקוש;Elqosh
שעל;Sha'al
קדמת צבי;Qidmat Zevi
אביטל;Avital
דברת;Daverat
הושעיה;Hosha'aya
מלכייה;Malkiyya
פרזון;Perazon
שמשית;Shimshit
מנות;Manot
מצובה;Mazzuva
טל-אל;Tal-El
צנדלה;Sandala
עראמשה*;Aramsha
אלוני אבא;Allone Abba
מירון;Meron
שבי ציון;Shave Ziyyon
רם-און;Ram-On 
נוב;Nov
עין המפרץ;En HaMifraz
מרחביה (קיבוץ);Merhavya(Qibbuz)
עין דור;En Dor
הזורעים;HaZore'im
מצפה נטופה;Mizpe Netofa
יסוד המעלה;Yesud HaMa'ala
רומאנה;Rummane
מסעדה;Mas'ade
כפר יהושע;Kefar Yehoshua
גבעת אבני;Giv'at Avni
עלמה;Alma
עצמון שגב;Atsmon Segev
אלון הגליל;Allon HaGalil    
שדה יעקב;Sede Ya'aqov
רמת השופט;Ramat HaShofet
רגבה;Regba
יובלים;Yuvallim
גילון;Gilon
רשפים;Reshafim
בני יהודה;Bene Yehuda
בר יוחאי;Bar Yohay
"מצפה אבי""ב";Mizpe Aviv
מולדת;Moledet
איילת השחר;Ayyelet HaShahar
כנף;Kanaf
מצפה;Mizpa
שזור;Shezor
אל -רום;El-Rom
נטור;Natur
לבון;Lavon
כפר שמאי;Kefar Shammay
שרונה;Sharona
אור הגנוז;Or HaGanuz
כדיתה;Kaddita
בית קשת;Bet Qeshet
מירב;Merav
אבני איתן;Avne Etan
בית זרע;Bet Zera
בית העמק;Bet HaEmeq
יחיעם;Yehi'am
תל תאומים;Tel Te'omim 
שמרת;Shamerat
ניר יפה;Nir Yafe
סואעד (חמרייה)*;Sawa'id(Hamriyye)
יפתח;Yiftah
האון;HaOn
ברעם;Bar'am
שדה אילן;Sede Ilan
אשרת;Asherat
אודם;Odem
עמקה;Amqa
בית זיד;Bet Zeid
כפר חיטים;Kefar Hittim
גבע;Geva
כפר חושן;Kefar Hoshen
חבר;Hever
"נווה אטי""ב";Newe Ativ
בית הלל;Bet Hillel
גזית;Gazit
מדרך עוז;Midrakh Oz
שניר;Senir
חפצי-בה;Hefzi-Bah
משמר העמק;Mishmar HaEmeq
צבעון;Ziv'on
ארבל;Arbel
מעגן;Ma'agan
ירדנה;Yardena
עין זיוון;En Ziwan
מורשת;Moreshet
אומן;Omen
כמאנה;Kamane
מלאה;Mele'a
מנשית זבדה;Manshiyyet Zabda
הודיות;Hodayot
רחוב;Rehov
פורייה - כפר עבודה;Poriyya-Kefar Avoda
גדיש;Gadish
ראס אל-עין;Ras Al-Ein
אמנון;Amnun
יראון;Yir'on
כורזים;Korazim 
חרשים;Harashim
מסילות;Mesillot 
אורטל;Ortal
אלמגור;Almagor
אפיק;Afiq
כפר גדעון;Kefar Gid'on
תל קציר;Tel Qazir
סאסא;Sasa
ברק;Baraq
נווה אור;Newe Ur
משגב עם;Misgav Am
יקנעם (מושבה);Yoqne'am(Moshava)
כמון;Kammon
כפר חרוב;Kefar Haruv
גדות;Gadot
אלי-עד;Eli-Ad
צביה;Zviyya
אדירים;Addirim
גלעד (אבן יצחק);Gal'ed (Even Yizhaq)
לביא;Lavi
מעונה;Me'ona
אילנייה;Ilaniyya
ג'דיידה-מכר;Judeide-Maker
מורן;Moran 
מחניים;Mahanayim 
בית שאן;Bet She'an 
הסוללים;HaSolelim 
עבדון;Avdon
רמת צבי;Ramat Zevi
אמירים;Amirim
חוסנייה;Hussniyya
הרדוף;Harduf
הגושרים;HaGosherim
נווה זיו;Newe Ziv
עראבה;Arrabe
תל עדשים;Tel Adashim 
אילון;Elon
יסעור;Yas'ur
פורייה - נווה עובד;Poriyya-Newe Oved
נחף;Nahef
חוקוק;Huqoq
עפולה;Afula
בועיינה-נוג'ידאת;Bu'eine-Nujeidat
כברי;Kabri
חד-נס;Had-Nes
נאות גולן;Ne'ot Golan 
בית רימון;Bet Rimmon
מג'ד אל-כרום;Majd al-Kurum
גורן;Goren
שלומי;Shelomi
סער;Sa'ar
גבעת יואב;Giv'at Yo'av
שמיר;Shamir
עיילבון;Eilabun
מנחמיה;Menahemya
מסד;Massad
געתון;Ga'ton
שכניה;Shekhanya
קצרין;Qazrin
דישון;Dishon
ראש פינה;Rosh Pinna
גינוסר;Ginnosar
גשר הזיו;Gesher HaZiw
כליל;Kelil
אבו סנאן;Abu Sinan
תמרת;Timrat
שפרעם;Shefar'am
נווה איתן;Newe Etan
ג'ש (גוש חלב);Jish(Gush Halav)
תובל;Tuval
קורנית;Qoranit
הזורע;HaZorea
גשר;Gesher
גורנות הגליל;Gornot HaGalil
יובל;Yuval
טייבה (בעמק);Tayibe(Baemeq)
כישור;Kishor
בסמת טבעון;Basmat Tab'un
אפיקים;Afiqim
זרזיר;Zarzir
חמדיה;Hamadya
כעביה-טבאש-חג'אג'רה;Ka'abiyye-Tabbash-Hajajre
מזרעה;Mazra'a
כפר הנשיא;Kefar HaNasi
פסוטה;Fassuta
גבת;Gevat
לימן;Liman 
רוויה;Rewaya
אשדות יעקב (איחוד);Ashdot Ya'aqov(Ihud)
רביד;Ravid
שומרה;Shomera
מעוז חיים;Ma'oz Hayyim 
צוריאל;Zuri'el
אשדות יעקב (מאוחד);Ashdot Ya'aqov(Me'uhad)
כפר כמא;Kafar Kama
גן נר;Gan Ner
ירכא;Yirka
ראמה;Rame
חצור הגלילית;Hazor HaGelilit
נצרת;Nazareth
אשבל;Eshbal
לפידות;Lappidot
כפר יאסיף;Kafar Yasif
רקפת;Raqqefet
כפר תבור;Kefar Tavor
משמר הירדן;Mishmar HaYarden 
עמיר;Amir
אעבלין;I'billin
מכמנים;Mikhmannim
קריית שמונה;Qiryat Shemona
כדורי;Kadoorie
נהלל;Nahalal
כרמיאל;Karmi'el
עמיעד;Ammi'ad
בירייה;Biriyya
יערה;Ya'ara
אחיהוד;Ahihud
ג'ולס;Julis
מנוף;Manof
דלתון;Dalton 
כנרת (מושבה);Kinneret(Moshava)
מלכישוע;Malkishua
טמרה;Tamra
שפר;Shefer
עין אל-אסד;Ein Al-Asad
ציפורי;Zippori
לוטם;Lotem
גבעת עוז;Giv'at Oz
כאבול;Kabul
נס עמים;Nes Ammim
מעלה גלבוע;Ma'ale Gilboa
פורייה עילית;Poriyya Illit
כפר ראש הנקרה;Kefar Rosh HaNiqra
שריד;Sarid
מגידו;Megiddo
עברון;Evron
להבות הבשן;Lahavot HaBashan 
מטולה;Metula
בוקעאתא;Buq'ata
בוסתן הגליל;Bustan HaGalil
לבנים;Livnim
גיניגר;Ginnegar
פקיעין חדשה;Peqi'in Hadasha
מרגליות;Margaliyyot
מעיליא;Mi'elya
עכו;Akko
טובא-זנגרייה;Tuba-Zangariyye
מסדה;Massada
ערב אל נעים;Arab Al Naim
אפק;Afeq
דייר חנא;Deir Hanna
גונן;Gonen
קשת;Qeshet
עין העמק;En HaEmeq
כפר קיש;Kefar Kisch
טירת צבי;Tirat Zevi
כאוכב אבו אל-היג'א;Kaokab Abu Al-Hija
בענה;Bi'ne
שדה נחום;Sede Nahum
טבריה;Tiberias
צפת;Zefat
ריינה;Reine
בן עמי;Ben Ammi
נהרייה;Nahariyya
מעלות-תרשיחא;Ma'alot-Tarshiha
אלומות;Alummot
נוף הגליל;Nof HaGalil
עין מאהל;Ein Mahel
עוזייר;Uzeir
מגדל;Migdal 
בצת;Bezet
כפר ורדים;Kefar Weradim
כפר יחזקאל;Kefar Yehezqel
חיפה;Haifa
קיסריה;Qesaryya
ניר עציון;Nir Ezyon
נווה ים;Newe Yam
להבות חביבה;Lahavot Haviva
גבע כרמל;Geva  Karmel
נווה אבות;Newe Avot
מעיין צבי;Ma'yan Zevi
כפר פינס;Kefar Pines
מאיר שפיה;Me'ir Shefeya
כפר הנוער הדתי;Kefar HaNo'ar Hadati
יגור;Yagur
נופית;Nofit
אושה;Usha
עין איילה;En Ayyala
כפר חסידים ב';Kefar Hasidim Bet
אורנים;Oranim
טירת כרמל;Tirat Karmel
כפר גלים;Kefar Gallim
מגל;Maggal 
חריש;Harish
מענית;Ma'anit
מגדים;Megadim
רגבים;Regavim
אלוני יצחק;Allone Yizhaq
נשר;Nesher
כפר חסידים א';Kefar Hasidim Alef
בית אורן;Bet Oren
דור;Dor
חדרה;Hadera
מי עמי;Me Ammi
הבונים;HaBonim
כפר המכבי;Kefar HaMakkabbi
עתלית;Atlit
שער מנשה;Sha'ar Menashe
כפר גליקסון;Kefar Glikson
בית צבי;Bet Zevi
אביאל;Avi'el
מייסר;Meiser
מעגן מיכאל;Ma'agan Mikha'el
שער העמקים;Sha'ar HaAmaqim
עספיא;Isifya
אום אל-קוטוף;Umm Al-Qutuf
קריית טבעון;Qiryat Tiv'on
"גבעת ניל""י";Giv'at Nili
אור עקיבא;Or Aqiva
כפר ביאליק;Kefar Bialik
אל -עריאן;Al-Aryan
עין שמר;En Shemer
עמיקם;Ammiqam
עין חוד;Ein Hod
"כרם מהר""ל";Kerem Maharal 
רמת יוחנן;Ramat Yohanan
אום אל-פחם;Umm al-Fahm
רכסים;Rekhasim 
קריית מוצקין;Qiryat Motzkin
עין עירון;En Iron
קריית ים;Qiryat Yam
ג'סר א-זרקא;Jisr Az-Zarqa
קריית אתא;Qiryat Atta
שדות ים;Sedot Yam
קריית ביאליק;Qiryat Bialik
"בסמ""ה";Basma
בנימינה-גבעת עדה*;Binyamina-Giv'at Ada
פרדס חנה-כרכור;Pardes Hanna-Karkur
באקה אל-גרביה;Baqa Al-Gharbiyye                                 
צרופה;Zerufa
תלמי אלעזר;Talme El'azar
ג'ת;Jatt                                              
נחשולים;Nahsholim
ערערה;Ar'ara
מאור;Ma'or
ראס עלי;Ras Ali
בית חנניה;Bet Hananya
מצר;Mezer
גן השומרון;Gan HaShomeron
החותרים;HaHoterim
אבטין;Ibtin
גן שמואל;Gan Shemu'el
עין הוד;En Hod
כפר קרע;Kafar Qara
משמרות;Mishmarot
מעלה עירון;Ma'ale Iron 
עופר;Ofer
פוריידיס;Fureidis
שדה יצחק;Sede Yizhaq
מצפה אילן;Mitspe Ilan
זכרון יעקב;Zikhron Ya'aqov
ח'ואלד;Khawaled
ברקאי;Barqay
דאלית אל-כרמל;Daliyat Al-Karmel
עין כרמל;En Karmel 
בת שלמה;Bat Shelomo
נצר חזני;Nezer Hazzani                                     
כפר הס;Kefar Hess
בניה;Benaya
גני תקווה;Ganne Tiqwa
ישרש;Yashresh
ראש העין;Rosh HaAyin
עינת;Enat
תנובות;Tenuvot
כפר טרומן;Kefar Truman
ברקת;Bareqet
גן שורק;Gan Soreq
בית נחמיה;Bet Nehemya
לפיד;Lappid
יעף;Ye'af
קדימה-צורן;Qadima- Zoran 
בית אלעזרי;Bet El'azari
בית יצחק-שער חפר;Bet Yizhaq-Sh. Hefer
יבנה;Yavne
בית חשמונאי;Bet Hashmonay
זמר;Zemer
קדרון;Qidron
טייבה;Tayibe
חגלה;Hogla
לוד;Lod
מעש;Ma'as
פלמחים;Palmahim
צור נתן;Zur Natan
נוף איילון;Nof Ayyalon
חרב לאת;Herev Le'Et
קריית שלמה;Qiryat Shelomo
"כפר ביל""ו";Kefar Bilu
בית עריף;Bet Arif
כפר הנגיד;Kefar HaNagid
בית רבן;Bet Rabban 
בני ציון;Bene Ziyyon
שדי חמד;Sede Hemed
ג'לג'וליה;Jaljulye
חדיד;Hadid
חבצלת השרון;Havazzelet HaSharon
פורת;Porat
כפר ויתקין;Kefar Vitkin
ניר צבי;Nir Zevi
כפר יונה;Kefar Yona
צופית;Zofit
מדרשת רופין;Midreshet Ruppin 
משגב דב;Misgav Dov
בני דרום;Bene Darom
מישר;Meshar
יהוד;Yehud
נעורים;Ne'urim
יד חנה;Yad Hanna
אומץ;Omez
שושנת העמקים;Shoshannat HaAmaqim
"חמ""ד";Hemed
רמות מאיר;Ramot Me'ir
מזור;Mazor
נווה ירק;Newe Yaraq
חורשים;Horeshim
כפר אביב;Kefar Aviv
מצליח;Mazliah
גבעת חיים (מאוחד);Giv'at Hayyim(Me'uhad)
כפר חיים;Kefar Hayyim
בית יהושע;Bet Yehoshua
רמות השבים;Ramot HaShavim
קבוצת יבנה;Qevuzat Yavne
זיתן;Zetan
כפר נטר;Kefar Netter
גבעת חיים (איחוד);Giv'at Hayyim (Ihud)
בני דרור;Bene Deror
ראשון לציון;Rishon LeZiyyon
עין החורש;En HaHoresh
חולדה;Hulda
חגור;Hagor
עין שריד;En Sarid
גאולי תימן;Ge'ule Teman
בארותיים;Be'erotayim
גאולים;Ge'ulim
נס ציונה;Nes Ziyyona
מתן;Mattan
בורגתה;Burgeta
נחלים;Nehalim
יד בנימין;Yad Binyamin
מגשימים;Magshimim
כרמי יוסף;Karme Yosef
נען;Na'an
משמרת;Mishmeret
מעברות;Ma'barot
עדנים;Adanim 
גנות הדר;Gannot Hadar
צפרייה;Zafriyya
רמלה;Ramla 
בית ברל;Bet Berl
גאליה;Ge'alya
טירת יהודה;Tirat Yehuda
"כפר חב""ד";Kefar Habad
רינתיה;Rinnatya
סתרייה;Sitriyya
המעפיל;HaMa'pil
מבואות ים;Mevo'ot Yam 
בית חלקיה;Bet Hilqiyya
משמר השבעה;Mishmar HaShiv'a
רעננה;Ra'annana
נצר סרני;Nezer Sereni
בית עוזיאל;Bet Uzzi'el
עולש;Olesh
רמת הכובש;Ramat HaKovesh
"יד רמב""ם";Yad Rambam             
כוכב יאיר;Kokhav Ya'ir
ניצני עוז;Nizzane Oz
שער אפרים;Sha'ar Efrayim
מזכרת בתיה;Mazkeret Batya
אחיטוב;Ahituv
הדר עם;Hadar Am 
חרוצים;Haruzim
בית דגן;Bet Dagan
ירחיב;Yarhiv
פתחיה;Petahya
נורדייה;Nordiyya
שעלבים;Sha'alvim 
גן יאשיה;Gan Yoshiyya
בן זכאי;Ben Zakkay
משמר איילון;Mishmar Ayyalon
גבעת ברנר;Giv'at Brenner
בני עטרות;Bene Atarot
עזריה;Azarya
בית חנן;Bet Hanan
גמזו;Gimzo
עיינות;Ayanot
הוד השרון;Hod HaSharon
חפץ חיים;Hafez Hayyim
אבן יהודה;Even Yehuda
פדיה;Pedaya
שוהם;Shoham 
גני טל;Ganne Tal                                         
קלנסווה;Qalansawe
גדרה;Gedera
פרדסייה;Pardesiyya
גן חיים;Gan Hayyim
סביון*;Savyon
כפר סבא;Kefar Sava
באר יעקב;Be'er Ya'aqov
ינוב;Yanuv
אלישיב;Elyashiv
ניר גלים;Nir Gallim
כפר מונש;Kefar Monash
גינתון;Ginnaton
בחן;Bahan
אחיעזר;Ahi'ezer
כפר ברא;Kafar Bara
כפר מרדכי;Kefar Mordekhay
יציץ;Yaziz
כפר ידידיה;Kefar Yedidya
גזר;Gezer
משמר השרון;Mishmar HaSharon
בת חפר;Bat Hefer
נווה ימין;Newe Yamin
גן שלמה;Gan Shelomo
עשרת;Aseret
אלעד;El'ad
חיבת ציון;Hibbat Ziyyon
חירות;Herut
תל יצחק;Tel Yizhaq
חופית;Hofit
צוקי ים;Zuqi Yam
נירית;Nirit
יסודות;Yesodot
ניר אליהו;Nir Eliyyahu
כפר דניאל;Kefar Daniyyel
גני עם;Ganne Am
כרם יבנה (ישיבה);Kerem Yavne(Yeshiva)
חניאל;Hanni'el
כפר בן נון;Kefar Bin Nun
גן יבנה;Gan Yavne
בית עובד;Bet Oved
נתניה;Netanya
רחובות;Rehovot
טירה;Tire
העוגן;HaOgen
מבוא מודיעים;Mevo Modi'im
אייל;Eyal
גני יוחנן;Ganne Yohanan
כפר רות;Kefar Rut
ארסוף;Arsuf
כרם בן שמן;Kerem Ben Shemen 
צור משה;Zur Moshe
כפר עבודה;Kefar Avoda
שילת;Shilat
צור יצחק;Zur Yizhaq
יקום;Yaqum
יגל;Yagel
גנות;Gannot
נופך;Nofekh
שדמה;Shedema
כפר שמואל;Kefar Shemu'el
בן שמן (מושב);Ben Shemen (Moshav)
כפר יעבץ;Kefar Ya'bez
בית חירות;Bet Herut
ביתן אהרן;Bitan Aharon
משמר דוד;Mishmar Dawid
רשפון;Rishpon
עזריאל;Azri'el
גני הדר;Ganne Hadar
"גבעת ח""ן";Giv'at Hen
כפר סירקין;Kefar Sirkin
בני ראם;Bene Re'em
קריית עקרון;Qiryat Eqron
עין ורד;En Wered
גן הדרום;Gan HaDarom
בית ינאי;Bet Yannay
כפר קאסם;Kafar Qasem
שפיים;Shefayim
בן שמן (כפר נוער);Ben Shemen(K.No'ar)
בצרה;Bazra
גיבתון;Gibbeton
מכמורת;Mikhmoret
בית הלוי;Bet HaLewi
גבעת השלושה;Giv'at HaShelosha
נטעים;Neta'im 
"כפר מל""ל";Kefar Malal
פתח תקווה;Petah Tiqwa
אביחיל;Avihayil
בת חן;Bat Hen
געש;Ga'ash
בית גמליאל;Bet Gamli'el
ירקונה;Yarqona
נחשונים;Nahshonim 
מודיעין-מכבים-רעות*;Modi'in-Makkabbim-Re'ut
תל מונד;Tel Mond
"גבעת כ""ח";Giv'at Koah
שדה ורבורג;Sede Warburg
"כפר הרא""ה";Kefar HaRo'e
גת רימון;Gat Rimmon
אליכין;Elyakhin
בארות יצחק;Be'erot Yizhaq
אלישמע;Elishama
גבעת שפירא;Giv'at Shappira
אחיסמך;Ahisamakh
גבעת שמואל;Giv'at Shemu'el
"בני עי""ש";Bene Ayish
אודים;Udim
קריית אונו;Qiryat Ono
מקווה ישראל;Miqwe Yisra'el
רמת גן;Ramat Gan 
בת ים;Bat Yam
אור יהודה;Or Yehuda
תל אביב -יפו;Tel Aviv - Yafo
חולון;Holon
גליל ים;Gelil Yam
כפר שמריהו;Kefar Shemaryahu
הרצלייה;Herzliyya
גבעתיים;Giv'atayim
רמת השרון;Ramat HaSharon
אזור;Azor
בני ברק;Bene Beraq
בת הדר;Bat Hadar
בני נצרים;Bne Netsarim
משמר הנגב;Mishmar HaNegev
תלמי יפה;Talme Yafe
ביצרון;Bizzaron
חצרים;Hazerim
נווה;Nave
רבדים;Revadim
חצב;Hazav
ברכיה;Berekhya
לכיש;Lakhish
ניר יצחק;Nir Yizhaq
שפיר;Shafir
תלמים;Telamim
תימורים;Timmorim
אבו קורינאת (יישוב);Abu Qureinat
אבן שמואל;Even Shemu'el
אור הנר;Or HaNer
ניר ישראל;Nir Yisra'el
בטחה;Bitha
גת (קיבוץ);Gat(Qibbuz)
נווה מבטח;Newe Mivtah
ניר עקיבא;Nir Aqiva
סעד;Sa'ad
זרחיה;Zerahya
שתולים;Shetulim
שומרייה;Shomeriyya
תפרח;Tifrah
"כפר הרי""ף";Kefar Harif
גילת;Gilat
מסלול;Maslul
ניצן;Nizzan
מרכז שפירא;Merkaz Shappira
תושייה;Tushiyya
עין צורים;En Zurim
שובה;Shuva
ניר בנים;Nir Banim
בית הגדי;Bet HaGaddi
אביגדור;Avigedor
משואות יצחק;Massu'ot Yizhaq
רנן;Rannen
חצור-אשדוד;Hazor-Ashdod
כפר מנחם;Kefar Menahem
שחר;Shahar
תדהר;Tidhar
בית קמה;Bet Qama
עין יהב;En Yahav
באר טוביה;Be'er Toviyya
שובל;Shoval
נחלה;Nahala
יטבתה;Yotvata
מעגלים;Ma'galim 
תקומה;Tequma
אשבול;Eshbol
שדה צבי;Sede Zevi
כפר אחים;Kefar Ahim
מכחול;Makchul
עזר;Ezer
ניר עם;Nir Am
דקל;Deqel
עוצם;Ozem
שחרות;Shaharut
יד נתן;Yad Natan
נווה חריף;Newe Harif
אורים;Urim
מנוחה;Menuha
עזוז;Ezuz
רהט;Rahat
ניר משה;Nir Moshe
שדה דוד;Sede Dawid
שני;Shani
בית ניר;Bet Nir
ארז;Erez
כיסופים;Kissufim 
רתמים;Retamim
אשלים;Ashalim
מחנה יתיר;Mahane Yattir
אלומה;Alumma
פדויים;Peduyim
פרי גן;Peri Gan
"תלמי ביל""ו";Talme Bilu
כמהין;Kemehin
עין תמר;En Tamar
שוקדה;Shoqeda
באר מילכה;Be'er Milka
ביר הדאג';Bir Hadage
ישע;Yesha
צוקים;Zuqim
זרועה;Zeru'a
ניצנים;Nizzanim
נחל עוז;Nahal Oz
קריית מלאכי;Qiryat Mal'akhi
יתד;Yated
פארן;Paran
אל סייד;Al Sayyid
עידן;Iddan
גלאון;Gal'on
שדה יואב;Sede Yo'av
נוגה;Nogah
עמיעוז;Ammi'oz
גבים;Gevim
לוטן;Lotan
זבדיאל;Zavdi'el
קוממיות;Qomemiyyut
"פעמי תש""ז";Pa'ame Tashaz
ברוש;Berosh
אשקלון;Ashqelon
בית גוברין;Bet Guvrin
עלומים;Alumim 
פטיש;Pattish
שדה משה;Sede Moshe
דורות;Dorot
שדה עוזיהו;Sede Uzziyyahu
יכיני;Yakhini
רעים;Re'im
יד מרדכי;Yad Mordekhay
כפר עזה;Kefar Azza
צוחר;Zohar
יושיביה;Yoshivya
דריג'את;Derig'at
זמרת;Zimrat
קלחים;Qelahim
עוזה;Uza
גבעות בר;Geva'ot Bar
להב;Lahav 
נתיב העשרה;Netiv HaAsara
הודייה;Hodiyya
חורה;Hura
קריית גת;Qiryat Gat
מפלסים;Mefallesim
קטורה;Qetura
קצר א-סר;Qasr A-Sir
רווחה;Rewaha
נתיבות;Netivot
ינון;Yinnon
"ניר ח""ן";Nir Hen
טללים;Telalim
סופה;Sufa
יהל;Yahel
כרמייה;Karmiyya
שגב-שלום;Segev-Shalom
תל שבע;Tel Sheva
דבירה;Devira
כסיפה;Kuseife
עזריקם;Azriqam
סגולה;Segulla
אשדוד;Ashdod
מבועים;Mabbu'im 
ערערה-בנגב;Ar'ara-BaNegev
עין הבשור;En HaBesor
בית עזרא;Bet Ezra
ערוגות;Arugot
אבו תלול;Abu Tulul                                         
מדרשת בן גוריון;Midreshet Ben Gurion
סעוה;Sa'Wa
עין השלושה;En HaShelosha
לקיה;Laqye
תלמי יוסף;Talme Yosef
אום בטין;Umm Batin
גרופית;Gerofit
להבים;Lehavim 
איתן;Etan
באר שבע;Be'er Sheva
גברעם;Gevar'am
תלמי אליהו;Talme Eliyyahu
נאות סמדר;Ne'ot Smadar
הר עמשא;Har Amasa
שיבולים;Shibbolim 
איבים;Ibbim
אחווה;Ahawa
מבטחים;Mivtahim 
תאשור;Te'ashur
עין גדי;En Gedi
נאות הכיכר;Ne'ot HaKikkar
זיקים;Ziqim
חצבה;Hazeva
אבשלום;Avshalom
שקף;Sheqef
ורדון;Wardon
ספיר;Sappir
שרשרת;Sharsheret
באר אורה;Be'er Ora
חולית;Holit
כפר ורבורג;Kefar Warburg
ניצנה (קהילת חינוך);Nizzana (Qehilat Hinuh)
נווה זוהר;Newe Zohar
גבעתי;Giv'ati
בארי;Be'eri
כוכב מיכאל;Kokhav Mikha'el 
כפר סילבר;Kefar Silver
כרם שלום;Kerem Shalom
אוהד;Ohad
אילת;Elat
רוחמה;Ruhama
תלמי יחיאל;Talme Yehi'el
נגבה;Negba
גיאה;Ge'a
אליפז;Elifaz
מצפה רמון;Mizpe Ramon
אמונים;Emunim
נבטים;Nevatim 
ירוחם;Yeroham
משען;Mash'en 
ערד;Arad
נהורה;Nehora
עומר;Omer
אורות;Orot
צופר;Zofar
אילות;Elot
שדה בוקר;Sede Boqer
מלילות;Melilot
משאבי שדה;Mash'abbe Sade
שדרות;Sederot
מבקיעים;Mavqi'im
כנות;Kannot
חלץ;Helez
ניצן ב';Nizzan B
ניצני סיני;Nizzane Sinay
גבולות;Gevulot
נועם;No'am
רביבים;Revivim 
כפר מימון;Kefar Maymon
אופקים;Ofaqim
זוהר;Zohar
גבעולים;Giv'olim
שדי אברהם;Sede Avraham
ניר עוז;Nir Oz
אשל הנשיא;Eshel HaNasi
דימונה;Dimona
צאלים;Ze'elim
יבול;Yevul
ברור חיל;Beror Hayil
מרחב עם;Merhav Am
מגן;Magen 
בית שקמה;Bet Shiqma
מיתר;Metar
כחלה;Kochlea
נירים;Nirim
שלומית;Shlomit                                           
תרבין א-צאנע (יישוב)*;Tarabin As-Sani
אמציה;Amazya
אל -עזי;Al-Azy
סמר;Samar
שדה ניצן;Sede Nizzan
כרמים;Keramim
אחוזם;Ahuzzam
שלווה;Shalwa
נתיב הגדוד;Netiv HaGedud
גבעון החדשה;Giv'on HaHadasha
גלגל;Gilgal
גבע בנימין;Geva Binyamin
ענב;Enav
רועי;Ro'i
אריאל;Ari'el
ברכה;Berakha
אורנית;Oranit
פצאל;Peza'el
צופים;Zufim
מעלה אדומים;Ma'ale Adummim 
מעלה לבונה;Ma'ale Levona
ראש צורים;Rosh Zurim
אספר;Asfar
משואה;Massu'a
הר גילה;Har Gillo
טנא;Tene
"נעמ""ה";Na'ama
בית אל;Bet El
נופים;Nofim
גבעת זאב;Giv'at Ze'ev
רימונים;Rimmonim 
כפר עציון;Kefar Ezyon
קרני שומרון;Qarne Shomeron
טלמון;Talmon
עטרת;Ateret
תלם;Telem
מגדלים;Migdalim 
מבוא דותן;Mevo Dotan
משכיות;Maskiyyot
כוכב השחר;Kokhav HaShahar
קדר;Qedar
תומר;Tomer
חמדת;Hemdat
סוסיה;Suseya
יקיר;Yaqir
סלעית;Sal'it
כפר תפוח;Kefar Tappuah
עלי זהב;Ale Zahav
קליה;Qalya
"ייט""ב";Yitav
נגוהות;Negohot
שקד;Shaqed
בית הערבה;Bet HaArava
מעלה מכמש;Ma'ale Mikhmas
חשמונאים;Hashmona'im
גיתית;Gittit
נווה צוף;Neve Tsuf
נווה דניאל;Newe Daniyyel
עץ אפרים;Ez Efrayim
שילה;Shilo
עלי;Eli
עתניאל;Otni'el
כפר האורנים;Kefar HaOranim
כרמי צור;Karme Zur
אבני חפץ;Avne Hefez
אלון מורה;Elon More   
כפר אדומים;Kefar Adummim
פסגות;Pesagot
נוקדים;Noqedim
מבוא חורון;Mevo Horon 
שבי שומרון;Shave Shomeron
יצהר;Yizhar
מעלה שומרון;Ma'ale Shomeron
עמנואל;Immanu'el
פדואל;Pedu'el
רבבה;Revava
מצפה יריחו;Mizpe Yeriho
אדורה;Adora
אלעזר;El'azar
בית אריה-עופרים;Bet Arye-Ofarim
דולב;Dolev
בית חורון;Bet Horon
עלמון;Almon
יפית;Yafit
מצפה שלם;Mizpe Shalem
מעלה עמוס;Ma'ale Amos
מצדות יהודה;Mezadot Yehuda
אלפי מנשה;Alfe Menashe
אלקנה;Elqana
נעלה;Na'ale
תקוע;Teqoa
איתמר;Itamar
קדומים;Qedumim
פני חבר;Pene Hever
"ניל""י";Nili
ברקן;Barqan
שערי תקווה;Sha'are Tiqwa
בת עין;Bat Ayin
חגי;Haggay
חיננית;Hinnanit
מעלה אפרים;Ma'ale Efrayim
כוכב יעקב;Kokhav Ya'aqov
הר אדר;Har Adar
שדמות מחולה;Shadmot Mehola
אלמוג;Almog
רותם;Rotem
אבנת;Avenat
עפרה;Ofra
ריחן;Rehan 
כרמל;Karmel
אלון שבות;Allon Shevut
קריית נטפים;Qiryat Netafim
ורד יריחו;Wered Yeriho
חמרה;Hamra
מגדל עוז;Migdal Oz
אשכולות;Eshkolot
מודיעין עילית;Modi'in Illit
נחליאל;Nahali'el
מכורה;Mekhora
קריית ארבע;Qiryat Arba
בקעות;Beqa'ot
שמעה;Shim'a
ביתר עילית;Betar Illit
נערן;Na'aran
אפרת;Efrat
ארגמן;Argaman
מחולה;Mehola
מעון;Ma'on
מתתיהו;Mattityahu
אבירים;Abbirim
אבו גוש;Abu Ghosh
אדרת;Adderet
עדי;Adi
אדורה;Adora
אפק;Afeq
עפולה;Afula
אחווה;Ahawa
אחיעזר;Ahi'ezer
אחיהוד;Ahihud
אחיסמך;Ahisamakh
אחיטוב;Ahituv
אחוזם;Ahuzzam
עכו;Akko
עלי זהב;Ale Zahav
אלפי מנשה;Alfe Menashe
אלון שבות;Allon Shevut
אלונים;Allonim
עלמון;Almon
אלומה;Alumma
אמירים;Amirim
עמינדב;Amminadav
עמיקם;Ammiqam
אמנון;Amnun
עמקה;Amqa
עמוקה;Amuqqa
אניעם;Ani'am
ערד;Arad
ארבל;Arbel
אריאל;Ari'el
ארסוף;Arsuf
ערוגות;Arugot
עשרת;Aseret
אשלים;Ashalim
אשדוד;Ashdod
אשקלון;Ashqelon
עתלית;Atlit
עצמון שגב;Atsmon Segev
עבדון;Avdon
אביאל;Avi'el
אביעזר;Avi'ezer
אביחיל;Avihayil
אבני חפץ;Avne Hefez
אבטליון;Avtalyon
עזריה;Azarya
אזור;Azor
עזריאל;Azri'el
עזריקם;Azriqam
בחן;Bahan
בלפוריה;Balfurya
בר יוחאי;Bar Yohay
ברק;Baraq
ברקת;Bareqet
ברקן;Barqan
ברקאי;Barqay
בסמת טבעון;Basmat Tab'un
בת עין;Bat Ayin
בת הדר;Bat Hadar
בת חפר;Bat Hefer
בת חן;Bat Hen
בת שלמה;Bat Shelomo
בת ים;Bat Yam
בצרה;Bazra
באר אורה;Be'er Ora
באר שבע;Be'er Sheva
באר טוביה;Be'er Toviyya
באר יעקב;Be'er Ya'aqov
בן עמי;Ben Ammi
בן זכאי;Ben Zakkay
בניה;Benaya
בני עטרות;Bene Atarot
"בני עי""ש";Bene Ayish
בני ברק;Bene Beraq
בני דרום;Bene Darom
בני דרור;Bene Deror
בני ראם;Bene Re'em
בני ציון;Bene Ziyyon
בקוע;Beqoa
ברכה;Berakha
ברור חיל;Beror Hayil
בית עריף;Bet Arif
בית ברל;Bet Berl
בית דגן;Bet Dagan
בית אל;Bet El
בית אלעזרי;Bet El'azari
בית עזרא;Bet Ezra
בית גמליאל;Bet Gamli'el
בית הגדי;Bet HaGaddi
בית חנן;Bet Hanan
בית חנניה;Bet Hananya
בית השיטה;Bet HaShitta
בית חשמונאי;Bet Hashmonay
בית הלל;Bet Hillel
בית חורון;Bet Horon
בית נחמיה;Bet Nehemya
בית נקופה;Bet Neqofa
בית קמה;Bet Qama
בית קשת;Bet Qeshet
בית שאן;Bet She'an 
בית שמש;Bet Shemesh
בית יהושע;Bet Yehoshua
בית יוסף;Bet Yosef
בית זית;Bet Zayit
ביתר עילית;Betar Illit
בטחה;Bitha
ביצרון;Bizzaron
בורגתה;Burgeta
בוסתן הגליל;Bustan HaGalil
דברת;Daverat
דבירה;Devira
דבורה;Devora
דימונה;Dimona
דישון;Dishon
דולב;Dolev
אפרת;Efrat
אלעד;El'ad
אלעזר;El'azar
אילת;Elat
עלי;Eli
אליפלט;Elifelet
אלישמע;Elishama
אילון;Elon
אלון מורה;Elon More   
אלקנה;Elqana
אליכין;Elyakhin
אליקים;Elyaqim
אלישיב;Elyashiv
אמונים;Emunim
עין איילה;En Ayyala
עין עירון;En Iron
עין שריד;En Sarid
עין תמר;En Tamar
עין ורד;En Wered
עין יעקב;En Ya'aqov
עין יהב;En Yahav
עינת;Enat
אשבול;Eshbol
אשחר;Eshhar
אבן מנחם;Even Menahem
אבן ספיר;Even Sappir
אבן שמואל;Even Shemu'el
אבן יהודה;Even Yehuda
עץ אפרים;Ez Efrayim
געש;Ga'ash
גדיש;Gadish
גן הדרום;Gan HaDarom
גן השומרון;Gan HaShomeron
גן חיים;Gan Hayyim
גן נר;Gan Ner
גן שורק;Gan Soreq
גן יבנה;Gan Yavne
גן יאשיה;Gan Yoshiyya
גני טל;Ganne Tal                                         
גני תקווה;Ganne Tiqwa
גני יוחנן;Ganne Yohanan
גנות הדר;Gannot Hadar
גיאה;Ge'a
גאליה;Ge'alya
גאולי תימן;Ge'ule Teman
גאולים;Ge'ulim
גדרה;Gedera
גבע כרמל;Geva  Karmel
גבעות בר;Geva'ot Bar
גיבתון;Gibbeton
גילת;Gilat
גילון;Gilon
גינתון;Ginnaton
גיניגר;Ginnegar
גבעת אבני;Giv'at Avni
גבעת ברנר;Giv'at Brenner
גבעת אלה;Giv'at Ela
"גבעת ח""ן";Giv'at Hen
"גבעת כ""ח";Giv'at Koah
"גבעת ניל""י";Giv'at Nili
גבעת שמואל;Giv'at Shemu'el
גבעת יערים;Giv'at Ye'arim
גבעת ישעיהו;Giv'at Yesha'yahu
גבעת זאב;Giv'at Ze'ev
גבעתיים;Giv'atayim
גבעתי;Giv'ati
גבעון החדשה;Giv'on HaHadasha
גיזו;Gizo
גורנות הגליל;Gornot HaGalil
הדר עם;Hadar Am 
חדרה;Hadera
חדיד;Hadid
חגור;Hagor
הגושרים;HaGosherim
חיפה;Haifa
חלוץ;Haluz
חמדיה;Hamadya
חניתה;Hanita
חניאל;Hanni'el
הר אדר;Har Adar
הר גילה;Har Gillo
חריש;Harish
חרוצים;Haruzim
חשמונאים;Hashmona'im
הסוללים;HaSolelim 
חבצלת השרון;Havazzelet HaSharon
היוגב;HaYogev
חצב;Hazav
חזון;Hazon
חצור הגלילית;Hazor HaGelilit
הזורעים;HaZore'im
חלץ;Helez
חרב לאת;Herev Le'Et
חבר;Hever
חיבת ציון;Hibbat Ziyyon
הילה;Hilla
הוד השרון;Hod HaSharon
חופית;Hofit
חולית;Holit
חולון;Holon
חוסן;Hosen
הושעיה;Hosha'aya
חולדה;Hulda
עמנואל;Immanu'el
עספיא;Isifya
ירושלים;Jerusalem
כברי;Kabri
כפר קאסם;Kafar Qasem
כלנית;Kallanit
כרמי יוסף;Karme Yosef
כרמי צור;Karme Zur
כרמל;Karmel
כרמיאל;Karmi'el
כפר אדומים;Kefar Adummim
כפר אחים;Kefar Ahim
כפר אביב;Kefar Aviv
כפר ברוך;Kefar Barukh
כפר ביאליק;Kefar Bialik
"כפר ביל""ו";Kefar Bilu
כפר עציון;Kefar Ezyon
כפר הנגיד;Kefar HaNagid
כפר חנניה;Kefar Hananya
כפר האורנים;Kefar HaOranim
"כפר הרי""ף";Kefar Harif
כפר חסידים א';Kefar Hasidim Alef
כפר חיים;Kefar Hayyim
כפר הס;Kefar Hess
כפר קיש;Kefar Kisch
כפר מימון;Kefar Maymon
כפר מנחם;Kefar Menahem
כפר מונש;Kefar Monash
כפר נטר;Kefar Netter
כפר פינס;Kefar Pines
כפר ראש הנקרה;Kefar Rosh HaNiqra
כפר רות;Kefar Rut
כפר סבא;Kefar Sava
כפר שמריהו;Kefar Shemaryahu
כפר שמואל;Kefar Shemu'el
כפר סירקין;Kefar Sirkin
כפר תפוח;Kefar Tappuah
כפר תבור;Kefar Tavor
כפר טרומן;Kefar Truman
כפר ורבורג;Kefar Warburg
כפר ורדים;Kefar Weradim
כפר יעבץ;Kefar Ya'bez
כפר ידידיה;Kefar Yedidya
כפר יחזקאל;Kefar Yehezqel
כפר יהושע;Kefar Yehoshua
כפר יונה;Kefar Yona
כפר זיתים;Kefar Zetim
כליל;Kelil
כרמים;Keramim
כרם בן זמרה;Kerem Ben Zimra
"כרם מהר""ל";Kerem Maharal 
כסלון;Kesalon
כוכב השחר;Kokhav HaShahar
כוכב מיכאל;Kokhav Mikha'el 
כוכב יעקב;Kokhav Ya'aqov
כורזים;Korazim 
להבות חביבה;Lahavot Haviva
לפיד;Lappid
לבון;Lavon
להבים;Lehavim 
לימן;Liman 
לבנים;Livnim
לוד;Lod
לוחמי הגיטאות;Lohame HaGeta'ot 
לוטם;Lotem
לוזית;Luzit
מעגן;Ma'agan
מעלה אדומים;Ma'ale Adummim 
מעלה אפרים;Ma'ale Efrayim
מעלה החמישה;Ma'ale HaHamisha
מעלה מכמש;Ma'ale Mikhmas
מעלה שומרון;Ma'ale Shomeron
מעש;Ma'as
מעגלים;Ma'galim 
מאור;Ma'or
מבועים;Mabbu'im 
מגן שאול;Magen Sha'ul 
מגל;Maggal 
מגשימים;Magshimim
מנוף;Manof
מנות;Manot
מרגליות;Margaliyyot
משען;Mash'en 
מסלול;Maslul
מסד;Massad
מטע;Matta
מתן;Mattan
מזכרת בתיה;Mazkeret Batya
מזור;Mazor
מצובה;Mazzuva
מעונה;Me'ona
מגדים;Megadim
מגידו;Megiddo
מלאה;Mele'a
מנחמיה;Menahemya
מנוחה;Menuha
מרכז שפירא;Merkaz Shappira
מסילת ציון;Mesillat Ziyyon
מיטב;Metav
מטולה;Metula
מבשרת ציון;Mevasseret Ziyyon
מבוא ביתר;Mevo Betar
מבוא דותן;Mevo Dotan
מבוא חורון;Mevo Horon 
מבוא מודיעים;Mevo Modi'im
מדרך עוז;Midrakh Oz
מדרשת בן גוריון;Midreshet Ben Gurion
מגדל;Migdal 
מגדל העמק;Migdal HaEmeq
מגדלים;Migdalim 
מכמנים;Mikhmannim
משגב דב;Misgav Dov
משמר דוד;Mishmar Dawid
משמר השבעה;Mishmar HaShiv'a
משמר הירדן;Mishmar HaYarden 
משמרות;Mishmarot
משמרת;Mishmeret
מצפה אילן;Mitspe Ilan
מצפה;Mizpa
"מצפה אבי""ב";Mizpe Aviv
מצפה רמון;Mizpe Ramon
מצפה יריחו;Mizpe Yeriho
מודיעין עילית;Modi'in Illit
מורן;Moran 
מורשת;Moreshet
מוצא עילית;Moza Illit
נעלה;Na'ale
נחלה;Nahala
נחם;Naham
נצרת;Nazareth
נאות גולן;Ne'ot Golan 
נאות הכיכר;Ne'ot HaKikkar
נחלים;Nehalim
נהורה;Nehora
נחושה;Nehusha
נס ציונה;Nes Ziyyona
נשר;Nesher
נטעים;Neta'im 
נתניה;Netanya
נתיב העשרה;Netiv HaAsara
"נתיב הל""ה";Netiv HaLamed-He
נתיב השיירה;Netiv HaShayyara
נתיבות;Netivot
נטועה;Netu'a
נבטים;Nevatim 
נווה אילן;Newe Ilan
נווה מיכאל;Newe Mikha'el
נווה מבטח;Newe Mivtah
נווה שלום;Newe Shalom
נווה אור;Newe Ur
נווה ימין;Newe Yamin
נווה ירק;Newe Yaraq
נווה זיו;Newe Ziv
נצר חזני;Nezer Hazzani                                     
"ניל""י";Nili
ניר עם;Nir Am
ניר עקיבא;Nir Aqiva
ניר גלים;Nir Gallim
"ניר ח""ן";Nir Hen
ניר משה;Nir Moshe
ניר יפה;Nir Yafe
ניר ישראל;Nir Yisra'el
ניר צבי;Nir Zevi
נירית;Nirit
ניצן;Nizzan
ניצני עוז;Nizzane Oz
נועם;No'am
נוף איילון;Nof Ayyalon
נופך;Nofekh
נופים;Nofim
נופית;Nofit
נוגה;Nogah
נוקדים;Noqedim
אופקים;Ofaqim
עופר;Ofer
עפרה;Ofra
עולש;Olesh
עומר;Omer
אור עקיבא;Or Aqiva
אור יהודה;Or Yehuda
אורה;Ora
אורנית;Oranit
אורות;Orot
עתניאל;Otni'el
עוצם;Ozem
"פעמי תש""ז";Pa'ame Tashaz
פרוד;Parod
פטיש;Pattish
פדיה;Pedaya
פדואל;Pedu'el
פדויים;Peduyim
פני חבר;Pene Hever
פקיעין חדשה;Peqi'in Hadasha
פרזון;Perazon
פתח תקווה;Petah Tiqwa
פתחיה;Petahya
פצאל;Peza'el
פורת;Porat
קדרים;Qaddarim
קלנסווה;Qalansawe
קרני שומרון;Qarne Shomeron
קצרין;Qazrin
קדר;Qedar
קדומים;Qedumim
קלחים;Qelahim
קיסריה;Qesaryya
קשת;Qeshet
קדמת צבי;Qidmat Zevi
קדרון;Qidron
רעננה;Ra'annana
רמת דוד;Ramat Dawid
רמת גן;Ramat Gan 
רמת השרון;Ramat HaSharon
רמת רזיאל;Ramat Razi'el
רמת ישי;Ramat Yishay
רמת צבי;Ramat Zevi
רמלה;Ramla 
רמות נפתלי;Ramot Naftali
רנן;Rannen
רקפת;Raqqefet
רגבים;Regavim
רגבה;Regba
ריחן;Rehan 
רחוב;Rehov
רחובות;Rehovot
רכסים;Rekhasim 
רבבה;Revava
רווחה;Rewaha
רוויה;Rewaya
רימונים;Rimmonim 
רינתיה;Rinnatya
ראשון לציון;Rishon LeZiyyon
רשפון;Rishpon
רועי;Ro'i
ראש העין;Rosh HaAyin
ראש פינה;Rosh Pinna
ראש צורים;Rosh Zurim
רוחמה;Ruhama
סאג'ור;Sajur
סלעית;Sal'it
ספיר;Sappir
שדי אברהם;Sede Avraham
שדה דוד;Sede Dawid
שדה אליעזר;Sede Eli'ezer
שדה משה;Sede Moshe
שדה נחום;Sede Nahum
שדה נחמיה;Sede Nehemya
שדה עוזיהו;Sede Uzziyyahu
שדה ורבורג;Sede Warburg
שדה יצחק;Sede Yizhaq
שדה צבי;Sede Zevi
שדרות;Sederot
שדות מיכה;Sedot Mikha
שניר;Senir
שעל;Sha'al
שער אפרים;Sha'ar Efrayim
שערי תקווה;Sha'are Tiqwa
שדמות דבורה;Shadmot Devora
שדמות מחולה;Shadmot Mehola
שפיר;Shafir
שחר;Shahar
שמרת;Shamerat
שקד;Shaqed
שרונה;Sharona
שרשרת;Sharsheret
שבי ציון;Shave Ziyyon
שאר ישוב;She'ar Yashuv
שפרעם;Shefar'am
שפר;Shefer
שכניה;Shekhanya
שלומי;Shelomi
שתולה;Shetula
שתולים;Shetulim
שזור;Shezor
שיבולים;Shibbolim 
שילה;Shilo
שמשית;Shimshit
שלומית;Shlomit                                           
שואבה;Sho'eva
שוהם;Shoham 
שוקדה;Shoqeda
שורשים;Shorashim
שורש;Shoresh
שובל;Shoval
שובה;Shuva
סוסיה;Suseya
תעוז;Ta'oz
טל שחר;Tal Shahar
"תלמי ביל""ו";Talme Bilu
תלמי אלעזר;Talme El'azar
תלמי יפה;Talme Yafe
תלמי יחיאל;Talme Yehi'el
תלמי יוסף;Talme Yosef
טלמון;Talmon
תרום;Tarum
תל עדשים;Tel Adashim 
תל מונד;Tel Mond
תל יצחק;Tel Yizhaq
טללים;Telalim
תלמים;Telamim
טנא;Tene
תנובות;Tenuvot
תקוע;Teqoa
תקומה;Tequma
טבריה;Tiberias
תדהר;Tidhar
תפרח;Tifrah
תימורים;Timmorim
תמרת;Timrat
טירת כרמל;Tirat Karmel
טירת יהודה;Tirat Yehuda
אושה;Usha
עוזה;Uza
ורד יריחו;Wered Yeriho
יערה;Ya'ara
יד בנימין;Yad Binyamin
יד חנה;Yad Hanna
יד נתן;Yad Natan
"יד רמב""ם";Yad Rambam             
יגל;Yagel
יכיני;Yakhini
ינוב;Yanuv
יקיר;Yaqir
ירחיב;Yarhiv
יסעור;Yas'ur
ישרש;Yashresh
יתד;Yated
יבנה;Yavne
יבנאל;Yavne'el
יציץ;Yaziz
יעף;Ye'af
יחיעם;Yehi'am
ירוחם;Yeroham
יסוד המעלה;Yesud HaMa'ala
יבול;Yevul
יפעת;Yif'at
ינון;Yinnon
ישעי;Yish'i
יצהר;Yizhar
יקנעם עילית;Yoqne'am Illit
יושיביה;Yoshivya
יובל;Yuval
יובלים;Yuvallim
צפרירים;Zafririm
זנוח;Zanoah
זבדיאל;Zavdi'el
צפת;Zefat
זכריה;Zekharya
צלפון;Zelafon
זרחיה;Zerahya
זרועה;Zeru'a
צרופה;Zerufa
זיתן;Zetan
זכרון יעקב;Zikhron Ya'aqov
ציפורי;Zippori
צבעון;Ziv'on
צופית;Zofit
זוהר;Zohar
צופים;Zufim
צור הדסה;Zur Hadassa
צור משה;Zur Moshe
צור נתן;Zur Natan
צור יצחק;Zur Yizhaq
צוריאל;Zuri'el
צורית;Zurit
בן שמן;Ben Shemen
טל אל;Tal-El
זרעית;Zar'it
קדיתא;Kaddita
פוריה נווה עובד;Poria - Neve Oved
סתריה;Sitriyya
בית יצחק שער חפר;Bet Yizhaq-Sh. Hefer
קרית שדה התעופה / איירפורט סיטי;Qiryat Airport
מרחביה מושב;Merhavya(Moshav)
חמד;Hemed
מועצה אזורית לב השרון;Lev HaSharon
קציר;Katzir
כפר אלדד;Kefar Eldad
בית שיקמה;Beit Shikma
אשדות יעקב איחוד;Ashdot Ya'aqov(Ihud)
מרחביה קיבוץ;Merhavya(Qibbuz)
סביון;Savyon
חפצי בה;Hefzi-Bah
קרית נטפים;Qiryat Netafim
בני דקלים;Bnei Dekalim
אליאב;Eliav
יקנעם;Yoqne'am Illit
ביריה;Biriyya
כינרת מושבה;Kinneret(Moshava)
תושיה;Tushia
חרות;Herut
צפריה;Zafriyya
אל רום;El-Rom
בית אריה / עופרים;Bet Arye-Ofarim
באר גנים;Be'er Ganim
קרית יערים;Qiryat Ye'arim
חד נס;Had-Nes
שריגים;Sarigim (Li-On)
כוכב יאיר / צור יגאל;Kokhav Ya'ir
קרית שמונה;Qiryat Shemona
בנימינה גבעת עדה;Binyamina-Giv'at Ada
אילניה;Ilaniyya
פוריה כפר עבודה;Poriyya-Kefar Avoda
קרית ארבע;Qiryat Arba
דאלית אל כרמל;Daliyat Al-Karmel
כפר רתמים;Retamim
מעלות תרשיחא;Ma'alot-Tarshiha
קדימה צורן;Qadima- Zoran 
הודיה;Hodiyya
נהריה;Nahariyya
פוריה עילית;Poriyya Illit
קרית טבעון;Qiryat Tiv'on
מודיעין מכבים רעות;Modi'in-Makkabbim-Re'ut
קרית מוצקין;Qiryat Motzkin
קרית גת;Qiryat Gat
גני מודיעין;Ganei Modi'in
יהוד מונוסון;Yehud
קרית עקרון;Qiryat Eqron
פרדסיה;Pardesiyya
פרדס חנה כרכור;Pardes Hanna-Karkur
אדם - גבע בנימין;Geva Binyamin
קרית אתא;Qiryat Atta
הרצליה;Herzliyya
קרית ים;Qiryat Yam
קרית אונו;קריית אונו
קרית ביאליק;Qiryat Bialik
מיתר / כרמית;Metar
נצרת עילית / נוף הגליל;Nof HaGalil
תל אביב יפו;Tel Aviv - Yafo
קרית מלאכי;Qiryat Mal'akhi